source_file,source_file_hash,document_id,page_number,row_index_on_page,raw_text,extracted_columns,item,type_raw,code,revision,description,uom,quantity_raw,notes,parser_confidence,parser_name,warnings,bbox_row,metadata
E0181296 01-06_BOM.pdf,6d76564f95814fe292ce12570d758e79f9cfba34919553705c4ec11b0cdd1765,E0181296 01-06_BOM:6d76564f9581,1,1,Bill of Material A1997,"['Bill', 'of', 'Material', 'A1997']",,Bill,,of,Material | A1997,,,,0.55,pymupdf_words,['continuation_candidate'],"(326.943603515625, 21.864042282104492, 759.5692138671875, 47.75164031982422)",{}
E0181296 01-06_BOM.pdf,6d76564f95814fe292ce12570d758e79f9cfba34919553705c4ec11b0cdd1765,E0181296 01-06_BOM:6d76564f9581,1,2,Codice / Code E0181296 01 Revisione / Revision 06 Tipo / Type Electro Optic (EOU) Ultima Rev. / Last Rev. Descrizione / Description QUIRIS Laser Unit Specifica di Configurazione / Solo Rilasciati / Data di Stampa / Ultima revisione SI / YES 21/11/2025 Configuration Specification Only Released Printing Date Riferimenti / References ALT = Alternativa / Alternative CE = Cariche Elettrostatiche / Elettrostatics Charge Rif.DIS = Riferimento Disegno / Drawing Reference MP = Materiale Pericoloso / Dangerous Material OBS = Obsoleto / Obsolete Q.tï¿½ = Quantitï¿½ / Quantity Rev. = Revisione / Revision U.M. = Unitï¿½ di Misura / Units of measure Rif.Schema / Diag.Ref. = Riferimento Schema / Diagram Reference Rif.Access / Access.Ref. = Riferimento Accessorio / Accessory Reference Den.Comm. / Trade Name = Denominazione Commerciale / Trade Name Rag.Soc. / Comp.Name = Ragione Sociale / Company Name,"['Codice', '/', 'Code', 'E0181296', '01', 'Revisione', '/', 'Revision', '06', 'Tipo', '/', 'Type', 'Electro', 'Optic', '(EOU)', 'Ultima', 'Rev.', '/', 'Last', 'Rev.', 'Descrizione', '/', 'Description', 'QUIRIS', 'Laser', 'Unit', 'Specifica', 'di', 'Configurazione', '/', 'Solo', 'Rilasciati', '/', 'Data', 'di', 'Stampa', '/', 'Ultima', 'revisione', 'SI', '/', 'YES', '21/11/2025', 'Configuration', 'Specification', 'Only', 'Released', 'Printing', 'Date', 'Riferimenti', '/', 'References', 'ALT', '=', 'Alternativa', '/', 'Alternative', 'CE', '=', 'Cariche', 'Elettrostatiche', '/', 'Elettrostatics', 'Charge', 'Rif.DIS', '=', 'Riferimento', 'Disegno', '/', 'Drawing', 'Reference', 'MP', '=', 'Materiale', 'Pericoloso', '/', 'Dangerous', 'Material', 'OBS', '=', 'Obsoleto', '/', 'Obsolete', 'Q.tï¿½', '=', 'Quantitï¿½', '/', 'Quantity', 'Rev.', '=', 'Revisione', '/', 'Revision', 'U.M.', '=', 'Unitï¿½', 'di', 'Misura', '/', 'Units', 'of', 'measure', 'Rif.Schema', '/', 'Diag.Ref.', '=', 'Riferimento', 'Schema', '/', 'Diagram', 'Reference', 'Rif.Access', '/', 'Access.Ref.', '=', 'Riferimento', 'Accessorio', '/', 'Accessory', 'Reference', 'Den.Comm.', '/', 'Trade', 'Name', '=', 'Denominazione', 'Commerciale', '/', 'Trade', 'Name', 'Rag.Soc.', '/', 'Comp.Name', '=', 'Ragione', 'Sociale', '/', 'Company', 'Name']",,,,,,,,,0.55,pymupdf_words,"['header_like_content', 'header_row', 'row_stitched_from_multiline', 'row_stitched_from_multiline', 'row_stitched_from_multiline', 'row_stitched_from_multiline', 'row_stitched_from_multiline', 'row_stitched_from_multiline', 'row_stitched_from_multiline', 'row_stitched_from_multiline', 'row_stitched_from_multiline', 'row_stitched_from_multiline']","(38.31660079956055, 53.47153854370117, 763.446044921875, 65.16326141357422)",{}
E0181296 01-06_BOM.pdf,6d76564f95814fe292ce12570d758e79f9cfba34919553705c4ec11b0cdd1765,E0181296 01-06_BOM:6d76564f9581,1,13,Riga / Tipo / Type Codice / Code Rev. Descrizione / Description Rif. Rif.Schema / Rif.Access / U.M. Q.tï¿½ Note CE MP Den.Comm. / Rag.Soc. / Item DIS Diag.Ref. Access.Ref. Trade Name Comp.Name,"['Riga', '/', 'Tipo', '/', 'Type', 'Codice', '/', 'Code', 'Rev.', 'Descrizione', '/', 'Description', 'Rif.', 'Rif.Schema', '/', 'Rif.Access', '/', 'U.M.', 'Q.tï¿½', 'Note', 'CE', 'MP', 'Den.Comm.', '/', 'Rag.Soc.', '/', 'Item', 'DIS', 'Diag.Ref.', 'Access.Ref.', 'Trade', 'Name', 'Comp.Name']",,,,,,,,,0.55,pymupdf_words,"['header_like_content', 'header_row', 'row_stitched_from_multiline']","(31.1914005279541, 187.1912078857422, 769.230712890625, 194.95748901367188)",{}
E0181296 01-06_BOM.pdf,6d76564f95814fe292ce12570d758e79f9cfba34919553705c4ec11b0cdd1765,E0181296 01-06_BOM:6d76564f9581,1,15,0005 DD Disegno di Ingombro E0216160 01 02 DD QUIRIS Laser Unit,"['0005', 'DD', 'Disegno', 'di', 'Ingombro', 'E0216160', '01', '02', 'DD', 'QUIRIS', 'Laser', 'Unit']",0005,DD Disegno di Ingombro,E0216160,01,,,02,DD | QUIRIS | Laser | Unit,0.55,pymupdf_words,[],"(30.148000717163086, 202.20301818847656, 271.0343017578125, 209.95237731933594)",{}
E0181296 01-06_BOM.pdf,6d76564f95814fe292ce12570d758e79f9cfba34919553705c4ec11b0cdd1765,E0181296 01-06_BOM:6d76564f9581,1,16,0010 Scheda E0181331 01 03 QLU - Driver 4 4 NR 1,"['0010', 'Scheda', 'E0181331', '01', '03', 'QLU', '-', 'Driver', '4', '4', 'NR', '1']",0010,Scheda,E0181331,01,03 | QLU | - | Driver | 4 | 4,NR,1,,0.55,pymupdf_words,[],"(30.148000717163086, 211.60301208496094, 519.62109375, 219.3523712158203)",{}
E0181296 01-06_BOM.pdf,6d76564f95814fe292ce12570d758e79f9cfba34919553705c4ec11b0cdd1765,E0181296 01-06_BOM:6d76564f9581,1,17,0015 Unita E0205407 01 04 QUIRIS Laser Unit US,"['0015', 'Unita', 'E0205407', '01', '04', 'QUIRIS', 'Laser', 'Unit', 'US']",0015,Unita,E0205407,01,,,04,QUIRIS | Laser | Unit | US,0.55,pymupdf_words,[],"(30.148000717163086, 221.0030059814453, 270.72406005859375, 228.7523651123047)",{}
E0181296 01-06_BOM.pdf,6d76564f95814fe292ce12570d758e79f9cfba34919553705c4ec11b0cdd1765,E0181296 01-06_BOM:6d76564f9581,1,18,0020 Altro - Elemento Meccanico E0256011 01 01 Teflon Laser Spacer 2 16_1-16_4 NR 4,"['0020', 'Altro', '-', 'Elemento', 'Meccanico', 'E0256011', '01', '01', 'Teflon', 'Laser', 'Spacer', '2', '16_1-16_4', 'NR', '4']",0020,Altro - Elemento Meccanico,E0256011,01,01 | Teflon | Laser | Spacer | 2 | 16_1-16_4,NR,4,,0.55,pymupdf_words,[],"(30.148000717163086, 230.4029998779297, 519.62109375, 238.15235900878906)",{}
E0181296 01-06_BOM.pdf,6d76564f95814fe292ce12570d758e79f9cfba34919553705c4ec11b0cdd1765,E0181296 01-06_BOM:6d76564f9581,1,19,0025 Interno E0215561 01 01 MoM CDR unità Laser Unit QUIRIS,"['0025', 'Interno', 'E0215561', '01', '01', 'MoM', 'CDR', 'unità', 'Laser', 'Unit', 'QUIRIS']",0025,Interno,E0215561,01,,,01,MoM | CDR | unità | Laser | Unit | QUIRIS,0.55,pymupdf_words,[],"(30.148000717163086, 239.80299377441406, 303.0018005371094, 247.55235290527344)",{}
E0181296 01-06_BOM.pdf,6d76564f95814fe292ce12570d758e79f9cfba34919553705c4ec11b0cdd1765,E0181296 01-06_BOM:6d76564f9581,1,20,0030 Unita E0205408 01 02 QUIRIS Laser Unit UDD,"['0030', 'Unita', 'E0205408', '01', '02', 'QUIRIS', 'Laser', 'Unit', 'UDD']",0030,Unita,E0205408,01,,,02,QUIRIS | Laser | Unit | UDD,0.55,pymupdf_words,[],"(30.148000717163086, 249.20301818847656, 275.1063537597656, 256.952392578125)",{}
E0181296 01-06_BOM.pdf,6d76564f95814fe292ce12570d758e79f9cfba34919553705c4ec11b0cdd1765,E0181296 01-06_BOM:6d76564f9581,1,21,0035 Interno E0215554 01 01 MoM RR unità Laser unit QUIRIS,"['0035', 'Interno', 'E0215554', '01', '01', 'MoM', 'RR', 'unità', 'Laser', 'unit', 'QUIRIS']",0035,Interno,E0215554,01,,,01,MoM | RR | unità | Laser | unit | QUIRIS,0.55,pymupdf_words,[],"(30.148000717163086, 258.60302734375, 297.99346923828125, 266.3523864746094)",{}
E0181296 01-06_BOM.pdf,6d76564f95814fe292ce12570d758e79f9cfba34919553705c4ec11b0cdd1765,E0181296 01-06_BOM:6d76564f9581,1,22,0040 Chassis Elettrico E0223806 01 04 QLU Elettrical chassis 1 1 NR 1,"['0040', 'Chassis', 'Elettrico', 'E0223806', '01', '04', 'QLU', 'Elettrical', 'chassis', '1', '1', 'NR', '1']",0040,Chassis Elettrico,E0223806,01,04 | QLU | Elettrical | chassis | 1 | 1,NR,1,,0.55,pymupdf_words,[],"(30.148000717163086, 268.0030212402344, 519.62109375, 275.75238037109375)",{}
E0181296 01-06_BOM.pdf,6d76564f95814fe292ce12570d758e79f9cfba34919553705c4ec11b0cdd1765,E0181296 01-06_BOM:6d76564f9581,1,23,0045 Integrazione Ottica E0224097 01 02 QLU Lenses 2 2 NR 1,"['0045', 'Integrazione', 'Ottica', 'E0224097', '01', '02', 'QLU', 'Lenses', '2', '2', 'NR', '1']",0045,Integrazione Ottica,E0224097,01,02 | QLU | Lenses | 2 | 2,NR,1,,0.55,pymupdf_words,[],"(30.148000717163086, 277.40301513671875, 519.62109375, 285.1523742675781)",{}
E0181296 01-06_BOM.pdf,6d76564f95814fe292ce12570d758e79f9cfba34919553705c4ec11b0cdd1765,E0181296 01-06_BOM:6d76564f9581,1,24,0050 Interno E0223640 01 01 MoM Delta RR unità Laser Unit QUIRIS,"['0050', 'Interno', 'E0223640', '01', '01', 'MoM', 'Delta', 'RR', 'unità', 'Laser', 'Unit', 'QUIRIS']",0050,Interno,E0223640,01,,,01,MoM | Delta | RR | unità | Laser | Unit | QUIRIS,0.55,pymupdf_words,[],"(30.148000717163086, 286.8030090332031, 313.661376953125, 294.5523681640625)",{}
E0181296 01-06_BOM.pdf,6d76564f95814fe292ce12570d758e79f9cfba34919553705c4ec11b0cdd1765,E0181296 01-06_BOM:6d76564f9581,1,25,0055 Unita E0226123 01 01 QUIRIS Laser Unit IDD,"['0055', 'Unita', 'E0226123', '01', '01', 'QUIRIS', 'Laser', 'Unit', 'IDD']",0055,Unita,E0226123,01,,,01,QUIRIS | Laser | Unit | IDD,0.55,pymupdf_words,[],"(30.148000717163086, 296.2030334472656, 272.6021728515625, 303.952392578125)",{}
E0181296 01-06_BOM.pdf,6d76564f95814fe292ce12570d758e79f9cfba34919553705c4ec11b0cdd1765,E0181296 01-06_BOM:6d76564f9581,1,26,0060 Tool Set E0226713 01 01 Toolset Coll. di Prod. Laser Unit NR 1,"['0060', 'Tool', 'Set', 'E0226713', '01', '01', 'Toolset', 'Coll.', 'di', 'Prod.', 'Laser', 'Unit', 'NR', '1']",0060,Tool Set,E0226713,01,01 | Toolset | Coll. | di | Prod. | Laser | Unit,NR,1,,0.55,pymupdf_words,[],"(30.148000717163086, 305.60302734375, 519.62109375, 313.3523864746094)",{}
E0181296 01-06_BOM.pdf,6d76564f95814fe292ce12570d758e79f9cfba34919553705c4ec11b0cdd1765,E0181296 01-06_BOM:6d76564f9581,1,27,0065 Interno E0215559 01 01 MoM PDR unità Laser Unit QUIRIS,"['0065', 'Interno', 'E0215559', '01', '01', 'MoM', 'PDR', 'unità', 'Laser', 'Unit', 'QUIRIS']",0065,Interno,E0215559,01,,,01,MoM | PDR | unità | Laser | Unit | QUIRIS,0.55,pymupdf_words,[],"(30.148000717163086, 315.0030212402344, 302.6915588378906, 322.75238037109375)",{}
E0181296 01-06_BOM.pdf,6d76564f95814fe292ce12570d758e79f9cfba34919553705c4ec11b0cdd1765,E0181296 01-06_BOM:6d76564f9581,1,28,0070 Altro - Elemento Meccanico E0284577 01 01 Laser Cover Mirsense 30_1-30_2 NR 2,"['0070', 'Altro', '-', 'Elemento', 'Meccanico', 'E0284577', '01', '01', 'Laser', 'Cover', 'Mirsense', '30_1-30_2', 'NR', '2']",0070,Altro - Elemento Meccanico,E0284577,01,01 | Laser | Cover | Mirsense | 30_1-30_2,NR,2,,0.55,pymupdf_words,[],"(30.148000717163086, 324.40301513671875, 519.62109375, 332.1523742675781)",{}
E0181296 01-06_BOM.pdf,6d76564f95814fe292ce12570d758e79f9cfba34919553705c4ec11b0cdd1765,E0181296 01-06_BOM:6d76564f9581,1,29,0075 Unita E0264469 01 02 UTD QLU,"['0075', 'Unita', 'E0264469', '01', '02', 'UTD', 'QLU']",0075,Unita,E0264469,01,,,02,UTD | QLU,0.55,pymupdf_words,[],"(30.148000717163086, 333.80303955078125, 239.376953125, 341.5523986816406)",{}
E0181296 01-06_BOM.pdf,6d76564f95814fe292ce12570d758e79f9cfba34919553705c4ec11b0cdd1765,E0181296 01-06_BOM:6d76564f9581,1,30,0080 Minuteria C0020641 03 VTCEI M3X8 A4-70 ISO4762 8_1-8_18 NR 18 VTCEI M3X8 A4-70 ISO4762 COSTRUTTORE FITTIZIO,"['0080', 'Minuteria', 'C0020641', '03', 'VTCEI', 'M3X8', 'A4-70', 'ISO4762', '8_1-8_18', 'NR', '18', 'VTCEI', 'M3X8', 'A4-70', 'ISO4762', 'COSTRUTTORE', 'FITTIZIO']",0080,Minuteria,C0020641,03,VTCEI | M3X8 | A4-70 | ISO4762 | 8_1-8_18,NR,18,VTCEI | M3X8 | A4-70 | ISO4762 | COSTRUTTORE | FITTIZIO,0.55,pymupdf_words,[],"(30.148000717163086, 343.2030029296875, 766.7115478515625, 350.9523620605469)",{}
E0181296 01-06_BOM.pdf,6d76564f95814fe292ce12570d758e79f9cfba34919553705c4ec11b0cdd1765,E0181296 01-06_BOM:6d76564f9581,1,31,"0085 Minuteria C0025367 02 VTCEI M2.5X12 A4-70 ISO4762 19_1-19_5 NR 5 NO VTCEI M2,5X12 A4-70 ISO4762 COSTRUTTORE FITTIZIO","['0085', 'Minuteria', 'C0025367', '02', 'VTCEI', 'M2.5X12', 'A4-70', 'ISO4762', '19_1-19_5', 'NR', '5', 'NO', 'VTCEI', 'M2,5X12', 'A4-70', 'ISO4762', 'COSTRUTTORE', 'FITTIZIO']",0085,Minuteria,C0025367,02,VTCEI | M2.5X12 | A4-70 | ISO4762 | 19_1-19_5,NR,5,"NO | VTCEI | M2,5X12 | A4-70 | ISO4762 | COSTRUTTORE | FITTIZIO",0.55,pymupdf_words,[],"(30.148000717163086, 352.60302734375, 766.7115478515625, 360.3523864746094)",{}
E0181296 01-06_BOM.pdf,6d76564f95814fe292ce12570d758e79f9cfba34919553705c4ec11b0cdd1765,E0181296 01-06_BOM:6d76564f9581,1,32,0090 Materiale Chimico di Processo 166104001 04 ADESIVO KGM 0.05 NO LOCTITE 243 LOCTITE CORP.,"['0090', 'Materiale', 'Chimico', 'di', 'Processo', '166104001', '04', 'ADESIVO', 'KGM', '0.05', 'NO', 'LOCTITE', '243', 'LOCTITE', 'CORP.']",0090,Materiale Chimico di Processo,166104001,04,ADESIVO | KGM | 0.05 | NO | LOCTITE,,243,LOCTITE | CORP.,0.55,pymupdf_words,[],"(30.148000717163086, 362.0030212402344, 741.021240234375, 369.75238037109375)",{}
E0181296 01-06_BOM.pdf,6d76564f95814fe292ce12570d758e79f9cfba34919553705c4ec11b0cdd1765,E0181296 01-06_BOM:6d76564f9581,1,33,0095 Procedura Operativa E0029311 01 05 MARCATURA LASER 43,"['0095', 'Procedura', 'Operativa', 'E0029311', '01', '05', 'MARCATURA', 'LASER', '43']",0095,Procedura Operativa,E0029311,01,05 | MARCATURA | LASER,,43,,0.55,pymupdf_words,[],"(30.148000717163086, 371.40301513671875, 363.0697021484375, 379.1523742675781)",{}
E0181296 01-06_BOM.pdf,6d76564f95814fe292ce12570d758e79f9cfba34919553705c4ec11b0cdd1765,E0181296 01-06_BOM:6d76564f9581,1,34,"0100 Minuteria 230501454 03 Hexagon socket head cap screws 10 10_1-10_4, 10_9- NR 31 NO M1,6X6DIN912 SPS TECHNOLOGIES,INC./UNBRAKO 10_35","['0100', 'Minuteria', '230501454', '03', 'Hexagon', 'socket', 'head', 'cap', 'screws', '10', '10_1-10_4,', '10_9-', 'NR', '31', 'NO', 'M1,6X6DIN912', 'SPS', 'TECHNOLOGIES,INC./UNBRAKO', '10_35']",0100,Minuteria,230501454,03,"Hexagon | socket | head | cap | screws | 10 | 10_1-10_4, | 10_9-",NR,31,"NO | M1,6X6DIN912 | SPS | TECHNOLOGIES,INC./UNBRAKO",0.55,pymupdf_words,['row_stitched_from_multiline'],"(30.148000717163086, 380.80303955078125, 797.7484130859375, 388.5523986816406)",{}
E0181296 01-06_BOM.pdf,6d76564f95814fe292ce12570d758e79f9cfba34919553705c4ec11b0cdd1765,E0181296 01-06_BOM:6d76564f9581,1,36,0110 Ottico E0161319 01 02 QLU - Beam Regulator 12 12_1-12_3 NR 3,"['0110', 'Ottico', 'E0161319', '01', '02', 'QLU', '-', 'Beam', 'Regulator', '12', '12_1-12_3', 'NR', '3']",0110,Ottico,E0161319,01,02 | QLU | - | Beam | Regulator | 12 | 12_1-12_3,NR,3,,0.55,pymupdf_words,[],"(30.148000717163086, 395.843017578125, 519.62109375, 403.5923767089844)",{}
E0181296 01-06_BOM.pdf,6d76564f95814fe292ce12570d758e79f9cfba34919553705c4ec11b0cdd1765,E0181296 01-06_BOM:6d76564f9581,1,37,0115 Norma di Progetto Q8001233NP 02 COPPIE DI SERRAGGIO 42,"['0115', 'Norma', 'di', 'Progetto', 'Q8001233NP', '02', 'COPPIE', 'DI', 'SERRAGGIO', '42']",0115,Norma di Progetto,Q8001233NP,02,COPPIE | DI | SERRAGGIO,,42,,0.55,pymupdf_words,[],"(30.148000717163086, 405.2430114746094, 363.0697021484375, 412.99237060546875)",{}
E0181296 01-06_BOM.pdf,6d76564f95814fe292ce12570d758e79f9cfba34919553705c4ec11b0cdd1765,E0181296 01-06_BOM:6d76564f9581,1,38,0120 Minuteria C0019673 03 VTCEI M2.5X8 A4-70 ISO4762 40_1-40_19 NR 19 VTCEI M2.5X8 A4-70 ISO4762 COSTRUTTORE FITTIZIO,"['0120', 'Minuteria', 'C0019673', '03', 'VTCEI', 'M2.5X8', 'A4-70', 'ISO4762', '40_1-40_19', 'NR', '19', 'VTCEI', 'M2.5X8', 'A4-70', 'ISO4762', 'COSTRUTTORE', 'FITTIZIO']",0120,Minuteria,C0019673,03,VTCEI | M2.5X8 | A4-70 | ISO4762 | 40_1-40_19,NR,19,VTCEI | M2.5X8 | A4-70 | ISO4762 | COSTRUTTORE | FITTIZIO,0.55,pymupdf_words,[],"(30.148000717163086, 414.64300537109375, 766.7115478515625, 422.3923645019531)",{}
E0181296 01-06_BOM.pdf,6d76564f95814fe292ce12570d758e79f9cfba34919553705c4ec11b0cdd1765,E0181296 01-06_BOM:6d76564f9581,1,39,0125 SE Schema Elettrico (HW/FW) E0262834 01 01 ELT/577 QUIRIS DIRCM QLU Electrical Scheme,"['0125', 'SE', 'Schema', 'Elettrico', '(HW/FW)', 'E0262834', '01', '01', 'ELT/577', 'QUIRIS', 'DIRCM', 'QLU', 'Electrical', 'Scheme']",0125,SE Schema Elettrico (HW/FW),E0262834,01,,,01,ELT/577 | QUIRIS | DIRCM | QLU | Electrical | Scheme,0.55,pymupdf_words,[],"(30.148000717163086, 424.04302978515625, 336.8530578613281, 431.7923889160156)",{}
E0181296 01-06_BOM.pdf,6d76564f95814fe292ce12570d758e79f9cfba34919553705c4ec11b0cdd1765,E0181296 01-06_BOM:6d76564f9581,1,40,"0130 Minuteria C0023802 03 VTCEI M2.5X6 A4-70 ISO4762 6 6_1-6_16 NR 16 VTCEI M2,5X6 A4-70 ISO4762 COSTRUTTORE FITTIZIO","['0130', 'Minuteria', 'C0023802', '03', 'VTCEI', 'M2.5X6', 'A4-70', 'ISO4762', '6', '6_1-6_16', 'NR', '16', 'VTCEI', 'M2,5X6', 'A4-70', 'ISO4762', 'COSTRUTTORE', 'FITTIZIO']",0130,Minuteria,C0023802,03,VTCEI | M2.5X6 | A4-70 | ISO4762 | 6 | 6_1-6_16,NR,16,"VTCEI | M2,5X6 | A4-70 | ISO4762 | COSTRUTTORE | FITTIZIO",0.55,pymupdf_words,[],"(30.148000717163086, 433.4430236816406, 766.7115478515625, 441.1923828125)",{}
E0181296 01-06_BOM.pdf,6d76564f95814fe292ce12570d758e79f9cfba34919553705c4ec11b0cdd1765,E0181296 01-06_BOM:6d76564f9581,1,41,0135 Tool Set E0265415 01 01 Toolset di assiemaggio per QLU NR 1,"['0135', 'Tool', 'Set', 'E0265415', '01', '01', 'Toolset', 'di', 'assiemaggio', 'per', 'QLU', 'NR', '1']",0135,Tool Set,E0265415,01,01 | Toolset | di | assiemaggio | per | QLU,NR,1,,0.55,pymupdf_words,[],"(30.148000717163086, 442.843017578125, 519.62109375, 450.5923767089844)",{}
E0181296 01-06_BOM.pdf,6d76564f95814fe292ce12570d758e79f9cfba34919553705c4ec11b0cdd1765,E0181296 01-06_BOM:6d76564f9581,1,42,"0140 Minuteria 232001031 02 ROSET.PIANA X VITE TC 2,2 24_1-24_6 NR 6 NO ROSETTA2,2X4,4 UNI6592-A2; MEC-BOLT,SPA; ROSETTA 2,2X4,5 DIN433-A2; Bossard Group; ROSETTA 2,2X4,5 DIN433-A2; RIBE-R.BERGNER GMBH + CO.; ROSETTA2,2X4,5 UNI6592-A2 INOX DADI,SPA","['0140', 'Minuteria', '232001031', '02', 'ROSET.PIANA', 'X', 'VITE', 'TC', '2,2', '24_1-24_6', 'NR', '6', 'NO', 'ROSETTA2,2X4,4', 'UNI6592-A2;', 'MEC-BOLT,SPA;', 'ROSETTA', '2,2X4,5', 'DIN433-A2;', 'Bossard', 'Group;', 'ROSETTA', '2,2X4,5', 'DIN433-A2;', 'RIBE-R.BERGNER', 'GMBH', '+', 'CO.;', 'ROSETTA2,2X4,5', 'UNI6592-A2', 'INOX', 'DADI,SPA']",0140,Minuteria,232001031,02,"ROSET.PIANA | X | VITE | TC | 2,2 | 24_1-24_6",NR,6,"NO | ROSETTA2,2X4,4 | UNI6592-A2; | MEC-BOLT,SPA;",0.55,pymupdf_words,"['row_stitched_from_multiline', 'row_stitched_from_multiline', 'row_stitched_from_multiline']","(30.148000717163086, 452.2430419921875, 741.3370361328125, 459.9924011230469)",{}
E0181296 01-06_BOM.pdf,6d76564f95814fe292ce12570d758e79f9cfba34919553705c4ec11b0cdd1765,E0181296 01-06_BOM:6d76564f9581,1,46,0145 Altro - Elemento Meccanico C0098602 01 SPRING 34_1-34_12 NR 12,"['0145', 'Altro', '-', 'Elemento', 'Meccanico', 'C0098602', '01', 'SPRING', '34_1-34_12', 'NR', '12']",0145,Altro - Elemento Meccanico,C0098602,01,SPRING | 34_1-34_12,NR,12,,0.55,pymupdf_words,[],"(30.148000717163086, 478.5630187988281, 521.1870727539062, 486.3123779296875)",{}
E0181296 01-06_BOM.pdf,6d76564f95814fe292ce12570d758e79f9cfba34919553705c4ec11b0cdd1765,E0181296 01-06_BOM:6d76564f9581,1,47,0150 Altro - Elemento Meccanico E0253559 01 01 Valve Filler rilavorata 3 NR 1,"['0150', 'Altro', '-', 'Elemento', 'Meccanico', 'E0253559', '01', '01', 'Valve', 'Filler', 'rilavorata', '3', 'NR', '1']",0150,Altro - Elemento Meccanico,E0253559,01,01 | Valve | Filler | rilavorata | 3,NR,1,,0.55,pymupdf_words,[],"(30.148000717163086, 487.9630126953125, 519.62109375, 495.7123718261719)",{}
E0181296 01-06_BOM.pdf,6d76564f95814fe292ce12570d758e79f9cfba34919553705c4ec11b0cdd1765,E0181296 01-06_BOM:6d76564f9581,1,48,0155 Altro - Elemento Meccanico E0389243 01 01 OR QLU Coperchio NR 1,"['0155', 'Altro', '-', 'Elemento', 'Meccanico', 'E0389243', '01', '01', 'OR', 'QLU', 'Coperchio', 'NR', '1']",0155,Altro - Elemento Meccanico,E0389243,01,01 | OR | QLU | Coperchio,NR,1,,0.55,pymupdf_words,[],"(30.148000717163086, 497.363037109375, 519.62109375, 505.1123962402344)",{}
E0181296 01-06_BOM.pdf,6d76564f95814fe292ce12570d758e79f9cfba34919553705c4ec11b0cdd1765,E0181296 01-06_BOM:6d76564f9581,1,49,"0160 Minuteria 232001030 01 ROSET.PIANA X VITE TC 1,8 9 9_1-9_31 NR 31 NO ROSETTA 1,7X4 DIN125A-A2; RIBE-R.BERGNER GMBH + CO.; ROSETTA 1,7X4 DIN125A-A2; Bossard Group; ROSETTA1,8X3,5 UNI6592-A2; INOX DADI,SPA; ROSETTA1,8X3,5 UNI6592-A2 MEC-BOLT,SPA","['0160', 'Minuteria', '232001030', '01', 'ROSET.PIANA', 'X', 'VITE', 'TC', '1,8', '9', '9_1-9_31', 'NR', '31', 'NO', 'ROSETTA', '1,7X4', 'DIN125A-A2;', 'RIBE-R.BERGNER', 'GMBH', '+', 'CO.;', 'ROSETTA', '1,7X4', 'DIN125A-A2;', 'Bossard', 'Group;', 'ROSETTA1,8X3,5', 'UNI6592-A2;', 'INOX', 'DADI,SPA;', 'ROSETTA1,8X3,5', 'UNI6592-A2', 'MEC-BOLT,SPA']",0160,Minuteria,232001030,01,"ROSET.PIANA | X | VITE | TC | 1,8 | 9 | 9_1-9_31",NR,31,"NO | ROSETTA | 1,7X4 | DIN125A-A2; | RIBE-R.BERGNER | GMBH | + | CO.;",0.55,pymupdf_words,"['row_stitched_from_multiline', 'row_stitched_from_multiline', 'row_stitched_from_multiline']","(30.148000717163086, 506.76300048828125, 782.8588256835938, 514.5123291015625)",{}
E0181296 01-06_BOM.pdf,6d76564f95814fe292ce12570d758e79f9cfba34919553705c4ec11b0cdd1765,E0181296 01-06_BOM:6d76564f9581,1,53,"0165 Materiale Chimico di Processo C0098682 01 Thermal Past 60 KGM 0.025 CMQ2-25G Syringe ARTIC SILVER INC THIS DOCUMENT CONTAINS PROPRIETARY INFORMATION OF ELETTRONICA S.p.A. ANY USE BY IL PRESENTE DOCUMENTO E' DI PROPRIETA' DELLA ELETTRONICA S.p.A. QUALSIASI SUO UTILIZZO DA Pagina / Sheet 1 / 2 A THIRD PARTY WITHOUT PRIOR AUTHORITION OF THE COMPANY SHALL BE PROSECUTED. PARTE DI TERZI SENZA AUTORIZZAZIONE DELLA SOCIETA' SARA' PERSEGUITO A TERMINI DI LEGGE. Documento emesso con sistema di firma digitale/Released by digital signature - Autore/Originator: De Meo, Marco Stato/Stage: RILASCIATO / RELEASED Nome/Code: E0181296 01 Rev: 06 Data Rilascio: 21/11/2025","['0165', 'Materiale', 'Chimico', 'di', 'Processo', 'C0098682', '01', 'Thermal', 'Past', '60', 'KGM', '0.025', 'CMQ2-25G', 'Syringe', 'ARTIC', 'SILVER', 'INC', 'THIS', 'DOCUMENT', 'CONTAINS', 'PROPRIETARY', 'INFORMATION', 'OF', 'ELETTRONICA', 'S.p.A.', 'ANY', 'USE', 'BY', 'IL', 'PRESENTE', 'DOCUMENTO', ""E'"", 'DI', ""PROPRIETA'"", 'DELLA', 'ELETTRONICA', 'S.p.A.', 'QUALSIASI', 'SUO', 'UTILIZZO', 'DA', 'Pagina', '/', 'Sheet', '1', '/', '2', 'A', 'THIRD', 'PARTY', 'WITHOUT', 'PRIOR', 'AUTHORITION', 'OF', 'THE', 'COMPANY', 'SHALL', 'BE', 'PROSECUTED.', 'PARTE', 'DI', 'TERZI', 'SENZA', 'AUTORIZZAZIONE', 'DELLA', ""SOCIETA'"", ""SARA'"", 'PERSEGUITO', 'A', 'TERMINI', 'DI', 'LEGGE.', 'Documento', 'emesso', 'con', 'sistema', 'di', 'firma', 'digitale/Released', 'by', 'digital', 'signature', '-', 'Autore/Originator:', 'De', 'Meo,', 'Marco', 'Stato/Stage:', 'RILASCIATO', '/', 'RELEASED', 'Nome/Code:', 'E0181296', '01', 'Rev:', '06', 'Data', 'Rilascio:', '21/11/2025']",0165,Materiale Chimico di Processo,C0098682,01,Thermal | Past | 60 | KGM,,0.025,CMQ2-25G | Syringe | ARTIC | SILVER | INC,0.55,pymupdf_words,"['row_stitched_from_multiline', 'row_stitched_from_multiline', 'row_stitched_from_multiline', 'row_stitched_from_multiline']","(30.148000717163086, 533.0830078125, 747.6030883789062, 540.8323364257812)",{}
E0181296 01-06_BOM.pdf,6d76564f95814fe292ce12570d758e79f9cfba34919553705c4ec11b0cdd1765,E0181296 01-06_BOM:6d76564f9581,2,1,0170 Altro - Elemento Meccanico E0284699 01 01 Laser Support Brolis 17 NR 1,"['0170', 'Altro', '-', 'Elemento', 'Meccanico', 'E0284699', '01', '01', 'Laser', 'Support', 'Brolis', '17', 'NR', '1']",0170,Altro - Elemento Meccanico,E0284699,01,01 | Laser | Support | Brolis | 17,NR,1,,0.55,pymupdf_words,[],"(30.148000717163086, 22.757007598876953, 519.62109375, 30.506366729736328)",{}
E0181296 01-06_BOM.pdf,6d76564f95814fe292ce12570d758e79f9cfba34919553705c4ec11b0cdd1765,E0181296 01-06_BOM:6d76564f9581,2,2,0175 Integrazione Meccanica E0284573 01 01 Assieme Tec B4 Mirsense 50 50_1-50_2 NR 2,"['0175', 'Integrazione', 'Meccanica', 'E0284573', '01', '01', 'Assieme', 'Tec', 'B4', 'Mirsense', '50', '50_1-50_2', 'NR', '2']",0175,Integrazione Meccanica,E0284573,01,01 | Assieme | Tec | B4 | Mirsense | 50 | 50_1-50_2,NR,2,,0.55,pymupdf_words,[],"(30.148000717163086, 32.15703201293945, 519.62109375, 39.90639114379883)",{}
E0181296 01-06_BOM.pdf,6d76564f95814fe292ce12570d758e79f9cfba34919553705c4ec11b0cdd1765,E0181296 01-06_BOM:6d76564f9581,2,3,0180 Minuteria C0019674 03 VTCEI M2.5X5 A4-70 ISO4762 14 14_1-14_12 NR 12 VTCEI M2.5X5 A4-70 ISO4762 COSTRUTTORE FITTIZIO,"['0180', 'Minuteria', 'C0019674', '03', 'VTCEI', 'M2.5X5', 'A4-70', 'ISO4762', '14', '14_1-14_12', 'NR', '12', 'VTCEI', 'M2.5X5', 'A4-70', 'ISO4762', 'COSTRUTTORE', 'FITTIZIO']",0180,Minuteria,C0019674,03,VTCEI | M2.5X5 | A4-70 | ISO4762 | 14 | 14_1-14_12,NR,12,VTCEI | M2.5X5 | A4-70 | ISO4762 | COSTRUTTORE | FITTIZIO,0.55,pymupdf_words,[],"(30.148000717163086, 41.5569953918457, 766.7115478515625, 49.30635452270508)",{}
E0181296 01-06_BOM.pdf,6d76564f95814fe292ce12570d758e79f9cfba34919553705c4ec11b0cdd1765,E0181296 01-06_BOM:6d76564f9581,2,4,0185 Integrazione Meccanica E0284633 01 01 Assieme Tec Brolis 37 37 NR 1,"['0185', 'Integrazione', 'Meccanica', 'E0284633', '01', '01', 'Assieme', 'Tec', 'Brolis', '37', '37', 'NR', '1']",0185,Integrazione Meccanica,E0284633,01,01 | Assieme | Tec | Brolis | 37 | 37,NR,1,,0.55,pymupdf_words,[],"(30.148000717163086, 50.9570198059082, 519.62109375, 58.70637893676758)",{}
E0181296 01-06_BOM.pdf,6d76564f95814fe292ce12570d758e79f9cfba34919553705c4ec11b0cdd1765,E0181296 01-06_BOM:6d76564f9581,2,5,0190 Altro - Elemento Meccanico E0284581 01 01 Laser Support Mirsense 39_1-39_2 NR 2,"['0190', 'Altro', '-', 'Elemento', 'Meccanico', 'E0284581', '01', '01', 'Laser', 'Support', 'Mirsense', '39_1-39_2', 'NR', '2']",0190,Altro - Elemento Meccanico,E0284581,01,01 | Laser | Support | Mirsense | 39_1-39_2,NR,2,,0.55,pymupdf_words,[],"(30.148000717163086, 60.35701370239258, 519.62109375, 68.10637664794922)",{}
E0181296 01-06_BOM.pdf,6d76564f95814fe292ce12570d758e79f9cfba34919553705c4ec11b0cdd1765,E0181296 01-06_BOM:6d76564f9581,2,6,0195 Altro - Elemento Meccanico E0284596 01 01 Laser Bush Mirsense 28_1-28_4 NR 4,"['0195', 'Altro', '-', 'Elemento', 'Meccanico', 'E0284596', '01', '01', 'Laser', 'Bush', 'Mirsense', '28_1-28_4', 'NR', '4']",0195,Altro - Elemento Meccanico,E0284596,01,01 | Laser | Bush | Mirsense | 28_1-28_4,NR,4,,0.55,pymupdf_words,[],"(30.148000717163086, 69.75700378417969, 519.62109375, 77.5063705444336)",{}
E0181296 01-06_BOM.pdf,6d76564f95814fe292ce12570d758e79f9cfba34919553705c4ec11b0cdd1765,E0181296 01-06_BOM:6d76564f9581,2,7,0200 Altro - Elemento Meccanico E0284696 01 01 Upper Laser Bush 21_1-21_4 NR 4,"['0200', 'Altro', '-', 'Elemento', 'Meccanico', 'E0284696', '01', '01', 'Upper', 'Laser', 'Bush', '21_1-21_4', 'NR', '4']",0200,Altro - Elemento Meccanico,E0284696,01,01 | Upper | Laser | Bush | 21_1-21_4,NR,4,,0.55,pymupdf_words,[],"(30.148000717163086, 79.15699768066406, 519.62109375, 86.90636444091797)",{}
E0181296 01-06_BOM.pdf,6d76564f95814fe292ce12570d758e79f9cfba34919553705c4ec11b0cdd1765,E0181296 01-06_BOM:6d76564f9581,2,8,0205 Altro - Elemento Meccanico E0284698 01 01 Laser Spacer sp.1 20_1-20_4 NR 4,"['0205', 'Altro', '-', 'Elemento', 'Meccanico', 'E0284698', '01', '01', 'Laser', 'Spacer', 'sp.1', '20_1-20_4', 'NR', '4']",0205,Altro - Elemento Meccanico,E0284698,01,01 | Laser | Spacer | sp.1 | 20_1-20_4,NR,4,,0.55,pymupdf_words,[],"(30.148000717163086, 88.55702209472656, 519.62109375, 96.30638885498047)",{}
E0181296 01-06_BOM.pdf,6d76564f95814fe292ce12570d758e79f9cfba34919553705c4ec11b0cdd1765,E0181296 01-06_BOM:6d76564f9581,2,9,0210 Minuteria C0021768 02 VTCEI M3X10 A4-70 ISO4762 18_1-18_4 NR 4 VTCEI M3X10 A4-70 ISO4762 COSTRUTTORE FITTIZIO,"['0210', 'Minuteria', 'C0021768', '02', 'VTCEI', 'M3X10', 'A4-70', 'ISO4762', '18_1-18_4', 'NR', '4', 'VTCEI', 'M3X10', 'A4-70', 'ISO4762', 'COSTRUTTORE', 'FITTIZIO']",0210,Minuteria,C0021768,02,VTCEI | M3X10 | A4-70 | ISO4762 | 18_1-18_4,NR,4,VTCEI | M3X10 | A4-70 | ISO4762 | COSTRUTTORE | FITTIZIO,0.55,pymupdf_words,[],"(30.148000717163086, 97.95701599121094, 766.7115478515625, 105.70638275146484)",{}
E0181296 01-06_BOM.pdf,6d76564f95814fe292ce12570d758e79f9cfba34919553705c4ec11b0cdd1765,E0181296 01-06_BOM:6d76564f9581,2,10,0215 Altro - Elemento Meccanico E0284697 01 01 Lower Laser Bush 22_1-22_4 NR 4,"['0215', 'Altro', '-', 'Elemento', 'Meccanico', 'E0284697', '01', '01', 'Lower', 'Laser', 'Bush', '22_1-22_4', 'NR', '4']",0215,Altro - Elemento Meccanico,E0284697,01,01 | Lower | Laser | Bush | 22_1-22_4,NR,4,,0.55,pymupdf_words,[],"(30.148000717163086, 107.35700988769531, 519.62109375, 115.10637664794922)",{}
E0181296 01-06_BOM.pdf,6d76564f95814fe292ce12570d758e79f9cfba34919553705c4ec11b0cdd1765,E0181296 01-06_BOM:6d76564f9581,2,11,0220 Altro - Elemento Meccanico E0284700 01 01 Laser Cover Brolis 38 NR 1,"['0220', 'Altro', '-', 'Elemento', 'Meccanico', 'E0284700', '01', '01', 'Laser', 'Cover', 'Brolis', '38', 'NR', '1']",0220,Altro - Elemento Meccanico,E0284700,01,01 | Laser | Cover | Brolis | 38,NR,1,,0.55,pymupdf_words,[],"(30.148000717163086, 116.75700378417969, 519.62109375, 124.5063705444336)",{}
E0181296 01-06_BOM.pdf,6d76564f95814fe292ce12570d758e79f9cfba34919553705c4ec11b0cdd1765,E0181296 01-06_BOM:6d76564f9581,2,12,0225 Ottico E0141794 01 03 B1 BK3 Laser 23 23 NR 1,"['0225', 'Ottico', 'E0141794', '01', '03', 'B1', 'BK3', 'Laser', '23', '23', 'NR', '1']",0225,Ottico,E0141794,01,03 | B1 | BK3 | Laser | 23 | 23,NR,1,,0.55,pymupdf_words,[],"(30.148000717163086, 126.15699768066406, 519.62109375, 133.90635681152344)",{}
E0181296 01-06_BOM.pdf,6d76564f95814fe292ce12570d758e79f9cfba34919553705c4ec11b0cdd1765,E0181296 01-06_BOM:6d76564f9581,2,13,0230 Altro - Elemento Meccanico E0389258 01 01 OR QLU-QTU Interface NR 1,"['0230', 'Altro', '-', 'Elemento', 'Meccanico', 'E0389258', '01', '01', 'OR', 'QLU-QTU', 'Interface', 'NR', '1']",0230,Altro - Elemento Meccanico,E0389258,01,01 | OR | QLU-QTU | Interface,NR,1,,0.55,pymupdf_words,[],"(30.148000717163086, 135.55702209472656, 519.62109375, 143.30638122558594)",{}
E0181296 01-06_BOM.pdf,6d76564f95814fe292ce12570d758e79f9cfba34919553705c4ec11b0cdd1765,E0181296 01-06_BOM:6d76564f9581,2,14,"0235 Minuteria 232001032 02 ROSET.PIANA X VITE TC 2,7 5_1-5_28 NR 28 NO ROSETTA 2,7X5 UNI6592-A2; MEC-BOLT,SPA; ROSETTA 2,7X5 UNI6592-A2; INOX DADI,SPA; ROSETTA 2,7X5 DIN433-A2; Bossard Group; ROSETTA 2,7X5 DIN433-A2 RIBE-R.BERGNER GMBH + CO.","['0235', 'Minuteria', '232001032', '02', 'ROSET.PIANA', 'X', 'VITE', 'TC', '2,7', '5_1-5_28', 'NR', '28', 'NO', 'ROSETTA', '2,7X5', 'UNI6592-A2;', 'MEC-BOLT,SPA;', 'ROSETTA', '2,7X5', 'UNI6592-A2;', 'INOX', 'DADI,SPA;', 'ROSETTA', '2,7X5', 'DIN433-A2;', 'Bossard', 'Group;', 'ROSETTA', '2,7X5', 'DIN433-A2', 'RIBE-R.BERGNER', 'GMBH', '+', 'CO.']",0235,Minuteria,232001032,02,"ROSET.PIANA | X | VITE | TC | 2,7 | 5_1-5_28",NR,28,"NO | ROSETTA | 2,7X5 | UNI6592-A2; | MEC-BOLT,SPA;",0.55,pymupdf_words,"['row_stitched_from_multiline', 'row_stitched_from_multiline', 'row_stitched_from_multiline']","(30.148000717163086, 144.95701599121094, 741.3370361328125, 152.7063751220703)",{}
E0181296 01-06_BOM.pdf,6d76564f95814fe292ce12570d758e79f9cfba34919553705c4ec11b0cdd1765,E0181296 01-06_BOM:6d76564f9581,2,18,"0240 Minuteria 232001008 02 ROSET.PIANA X VITE TC 3,2 7_1-7_16 NR 16 NO ROSETTA 3,2X6 DIN433-A2; RIBE-R.BERGNER GMBH + CO.; ROSETTA 3,2X6 UNI6592-A2; MEC-BOLT,SPA; ROSETTA 3,2X6 DIN433-A2; Bossard Group; ROSETTA 3,2X6 UNI6592-A2 INOX DADI,SPA","['0240', 'Minuteria', '232001008', '02', 'ROSET.PIANA', 'X', 'VITE', 'TC', '3,2', '7_1-7_16', 'NR', '16', 'NO', 'ROSETTA', '3,2X6', 'DIN433-A2;', 'RIBE-R.BERGNER', 'GMBH', '+', 'CO.;', 'ROSETTA', '3,2X6', 'UNI6592-A2;', 'MEC-BOLT,SPA;', 'ROSETTA', '3,2X6', 'DIN433-A2;', 'Bossard', 'Group;', 'ROSETTA', '3,2X6', 'UNI6592-A2', 'INOX', 'DADI,SPA']",0240,Minuteria,232001008,02,"ROSET.PIANA | X | VITE | TC | 3,2 | 7_1-7_16",NR,16,"NO | ROSETTA | 3,2X6 | DIN433-A2; | RIBE-R.BERGNER | GMBH | + | CO.;",0.55,pymupdf_words,"['row_stitched_from_multiline', 'row_stitched_from_multiline', 'row_stitched_from_multiline']","(30.148000717163086, 171.2770233154297, 782.8588256835938, 179.02638244628906)",{}
E0181296 01-06_BOM.pdf,6d76564f95814fe292ce12570d758e79f9cfba34919553705c4ec11b0cdd1765,E0181296 01-06_BOM:6d76564f9581,2,22,0245 RP Rapporto di Progetto (HW/FW/SW) E0348983 01 01 Rapporto di progetto QUIRIS Laser Unit,"['0245', 'RP', 'Rapporto', 'di', 'Progetto', '(HW/FW/SW)', 'E0348983', '01', '01', 'Rapporto', 'di', 'progetto', 'QUIRIS', 'Laser', 'Unit']",0245,RP Rapporto di Progetto (HW/FW/SW),E0348983,01,,,01,Rapporto | di | progetto | QUIRIS | Laser | Unit,0.55,pymupdf_words,[],"(30.148000717163086, 197.5970001220703, 314.30438232421875, 205.3463592529297)",{}
E0181296 01-06_BOM.pdf,6d76564f95814fe292ce12570d758e79f9cfba34919553705c4ec11b0cdd1765,E0181296 01-06_BOM:6d76564f9581,2,23,0280 Minuteria 230501512 02 Hexagon socket head cap screws DIN 912-A2 25_1-25_6 NR 6 NO,"['0280', 'Minuteria', '230501512', '02', 'Hexagon', 'socket', 'head', 'cap', 'screws', 'DIN', '912-A2', '25_1-25_6', 'NR', '6', 'NO']",0280,Minuteria,230501512,02,Hexagon | socket | head | cap | screws | DIN | 912-A2 | 25_1-25_6,NR,6,NO,0.55,pymupdf_words,[],"(30.148000717163086, 206.9970245361328, 589.0438232421875, 214.7463836669922)",{}
E0181296 01-06_BOM.pdf,6d76564f95814fe292ce12570d758e79f9cfba34919553705c4ec11b0cdd1765,E0181296 01-06_BOM:6d76564f9581,2,24,"0340 Minuteria 233101018 02 SPINA CILIN. H8 3X8 33_1-33_2 NR 2 NO SPINA 3H8X8 UNI1707-A2; MEC-BOLT,SPA; SPINA 3H8X8 UNI1707-A2 MINUT-INOX,SRL","['0340', 'Minuteria', '233101018', '02', 'SPINA', 'CILIN.', 'H8', '3X8', '33_1-33_2', 'NR', '2', 'NO', 'SPINA', '3H8X8', 'UNI1707-A2;', 'MEC-BOLT,SPA;', 'SPINA', '3H8X8', 'UNI1707-A2', 'MINUT-INOX,SRL']",0340,Minuteria,233101018,02,SPINA | CILIN. | H8 | 3X8 | 33_1-33_2,NR,2,"NO | SPINA | 3H8X8 | UNI1707-A2; | MEC-BOLT,SPA;",0.55,pymupdf_words,['row_stitched_from_multiline'],"(30.148000717163086, 216.3970184326172, 741.3370361328125, 224.14637756347656)",{}
E0181296 01-06_BOM.pdf,6d76564f95814fe292ce12570d758e79f9cfba34919553705c4ec11b0cdd1765,E0181296 01-06_BOM:6d76564f9581,2,26,0360 Imballo E0029481 01 03 Targhetta di identificazione 35 NR 1,"['0360', 'Imballo', 'E0029481', '01', '03', 'Targhetta', 'di', 'identificazione', '35', 'NR', '1']",0360,Imballo,E0029481,01,03 | Targhetta | di | identificazione | 35,NR,1,,0.55,pymupdf_words,[],"(30.148000717163086, 231.43699645996094, 519.62109375, 239.1863555908203)",{}
E0181296 01-06_BOM.pdf,6d76564f95814fe292ce12570d758e79f9cfba34919553705c4ec11b0cdd1765,E0181296 01-06_BOM:6d76564f9581,2,27,0510 Ottico E0259282 01 01 Laser Module B4 HP 51 NR 1,"['0510', 'Ottico', 'E0259282', '01', '01', 'Laser', 'Module', 'B4', 'HP', '51', 'NR', '1']",0510,Ottico,E0259282,01,01 | Laser | Module | B4 | HP | 51,NR,1,,0.55,pymupdf_words,[],"(30.148000717163086, 240.83702087402344, 519.62109375, 248.5863800048828)",{}
E0181296 01-06_BOM.pdf,6d76564f95814fe292ce12570d758e79f9cfba34919553705c4ec11b0cdd1765,E0181296 01-06_BOM:6d76564f9581,2,28,0520 Ottico E0257869 01 01 Laser Module B4b 52 NR 1,"['0520', 'Ottico', 'E0257869', '01', '01', 'Laser', 'Module', 'B4b', '52', 'NR', '1']",0520,Ottico,E0257869,01,01 | Laser | Module | B4b | 52,NR,1,,0.55,pymupdf_words,[],"(30.148000717163086, 250.2370147705078, 519.62109375, 257.98638916015625)",{}
E0181296 01-06_BOM.pdf,6d76564f95814fe292ce12570d758e79f9cfba34919553705c4ec11b0cdd1765,E0181296 01-06_BOM:6d76564f9581,2,29,0530 Scheda E0256569 01 02 SK MECC QLU FLEX LASER NR 2,"['0530', 'Scheda', 'E0256569', '01', '02', 'SK', 'MECC', 'QLU', 'FLEX', 'LASER', 'NR', '2']",0530,Scheda,E0256569,01,02 | SK | MECC | QLU | FLEX | LASER,NR,2,,0.55,pymupdf_words,[],"(30.148000717163086, 259.63702392578125, 519.62109375, 267.3863830566406)",{}
E0181296 01-06_BOM.pdf,6d76564f95814fe292ce12570d758e79f9cfba34919553705c4ec11b0cdd1765,E0181296 01-06_BOM:6d76564f9581,2,30,6000 Istruzioni di Montaggio E0266053 01 01 Istruzione di montaggio moduli laser,"['6000', 'Istruzioni', 'di', 'Montaggio', 'E0266053', '01', '01', 'Istruzione', 'di', 'montaggio', 'moduli', 'laser']",6000,Istruzioni di Montaggio,E0266053,01,,,01,Istruzione | di | montaggio | moduli | laser,0.55,pymupdf_words,[],"(30.148000717163086, 269.0370178222656, 304.8968200683594, 276.786376953125)",{}
E0181296 01-06_BOM.pdf,6d76564f95814fe292ce12570d758e79f9cfba34919553705c4ec11b0cdd1765,E0181296 01-06_BOM:6d76564f9581,2,31,6005 Procedure di test E0306430 01 01 PC per E0181296 01 QUIRIS Laser Unit,"['6005', 'Procedure', 'di', 'test', 'E0306430', '01', '01', 'PC', 'per', 'E0181296', '01', 'QUIRIS', 'Laser', 'Unit']",6005,Procedure di test,E0306430,01,01 | PC | per | E0181296,,01,QUIRIS | Laser | Unit,0.55,pymupdf_words,[],"(30.148000717163086, 278.43701171875, 315.56207275390625, 286.1863708496094)",{}
E0181296 01-06_BOM.pdf,6d76564f95814fe292ce12570d758e79f9cfba34919553705c4ec11b0cdd1765,E0181296 01-06_BOM:6d76564f9581,2,32,6010 Istruzioni di Montaggio E0365706 01 01 Istruzioni di montaggio QLU,"['6010', 'Istruzioni', 'di', 'Montaggio', 'E0365706', '01', '01', 'Istruzioni', 'di', 'montaggio', 'QLU']",6010,Istruzioni di Montaggio,E0365706,01,,,01,Istruzioni | di | montaggio | QLU,0.55,pymupdf_words,[],"(30.148000717163086, 287.8370361328125, 284.2093200683594, 295.5863952636719)",{}
E0181296 01-06_BOM.pdf,6d76564f95814fe292ce12570d758e79f9cfba34919553705c4ec11b0cdd1765,E0181296 01-06_BOM:6d76564f9581,2,33,"6015 PC Procedura di Collaudo E0389719 01 01 Leakage test QLU null Disegno E0181296 01.DRW 14 QUIRIS Laser Unit THIS DOCUMENT CONTAINS PROPRIETARY INFORMATION OF ELETTRONICA S.p.A. ANY USE BY IL PRESENTE DOCUMENTO E' DI PROPRIETA' DELLA ELETTRONICA S.p.A. QUALSIASI SUO UTILIZZO DA Pagina / Sheet 2 / 2 A THIRD PARTY WITHOUT PRIOR AUTHORITION OF THE COMPANY SHALL BE PROSECUTED. PARTE DI TERZI SENZA AUTORIZZAZIONE DELLA SOCIETA' SARA' PERSEGUITO A TERMINI DI LEGGE. Documento emesso con sistema di firma digitale/Released by digital signature - Autore/Originator: De Meo, Marco Stato/Stage: RILASCIATO / RELEASED Nome/Code: E0181296 01 Rev: 06 Data Rilascio: 21/11/2025","['6015', 'PC', 'Procedura', 'di', 'Collaudo', 'E0389719', '01', '01', 'Leakage', 'test', 'QLU', 'null', 'Disegno', 'E0181296', '01.DRW', '14', 'QUIRIS', 'Laser', 'Unit', 'THIS', 'DOCUMENT', 'CONTAINS', 'PROPRIETARY', 'INFORMATION', 'OF', 'ELETTRONICA', 'S.p.A.', 'ANY', 'USE', 'BY', 'IL', 'PRESENTE', 'DOCUMENTO', ""E'"", 'DI', ""PROPRIETA'"", 'DELLA', 'ELETTRONICA', 'S.p.A.', 'QUALSIASI', 'SUO', 'UTILIZZO', 'DA', 'Pagina', '/', 'Sheet', '2', '/', '2', 'A', 'THIRD', 'PARTY', 'WITHOUT', 'PRIOR', 'AUTHORITION', 'OF', 'THE', 'COMPANY', 'SHALL', 'BE', 'PROSECUTED.', 'PARTE', 'DI', 'TERZI', 'SENZA', 'AUTORIZZAZIONE', 'DELLA', ""SOCIETA'"", ""SARA'"", 'PERSEGUITO', 'A', 'TERMINI', 'DI', 'LEGGE.', 'Documento', 'emesso', 'con', 'sistema', 'di', 'firma', 'digitale/Released', 'by', 'digital', 'signature', '-', 'Autore/Originator:', 'De', 'Meo,', 'Marco', 'Stato/Stage:', 'RILASCIATO', '/', 'RELEASED', 'Nome/Code:', 'E0181296', '01', 'Rev:', '06', 'Data', 'Rilascio:', '21/11/2025']",6015,PC Procedura di Collaudo,E0389719,01,,,01,Leakage | test | QLU,0.55,pymupdf_words,"['row_stitched_from_multiline', 'row_stitched_from_multiline', 'row_stitched_from_multiline', 'row_stitched_from_multiline', 'row_stitched_from_multiline']","(30.148000717163086, 297.2370300292969, 260.0813903808594, 304.98638916015625)",{}
